{
  "validation_error": [
    0.22250407462990132,
    0.06868280419312825
  ],
  "test_error": [
    0.22180971847281142,
    0.068266237412176
  ],
  "learning_rate": [
    0.04450410498855102,
    0.02567575548689871
  ],
  "num_layers": [
    5.392994401372396,
    1.1392660666588634
  ],
  "epochs": [
    70.26885381065733,
    88.29467643106274
  ],
  "init_channels": [
    9.002899051823876,
    2.7137589280439123
  ],
  "weight_decay": [
    0.0006261714594637929,
    0.00040423065562599343
  ]
}